COD;TIPO;DESDE;PRECIO
1065;A;30/06/2011;2.5
1067;A;01/01/2022;2.5
1069;A;05/09/2011;1.1
1070;A;30/06/2011;1.1
1071;A;01/07/2012;0.75
1072;A;01/07/2012;0.75
1525;A;14/09/2012;0.8
2001;A;12/09/2002;0.3
2002;A;12/09/2002;0.3
2003;A;12/09/2002;0.3
2003;A;01/08/2003;0.3
2003;A;08/02/2005;0.35
2003;A;18/10/2006;0.36
2003;A;21/02/2008;0.4
2003;A;02/05/2008;0.6
2003;A;21/05/2009;0.35
2008;A;28/09/2002;0
2009;A;28/09/2002;0
2011;A;12/09/2002;0.1
2012;A;12/09/2002;0.1
2013;A;12/09/2002;0.1
2014;A;12/09/2002;0.1
2014;A;01/08/2003;0.1
2015;A;04/02/2004;0.08
2015;A;30/08/2005;0.08
2019;A;26/03/2009;0.35
2019;A;21/05/2009;0.35
2019;A;12/10/2009;0.35
2020;A;12/09/2002;0.24
2020;A;01/11/2007;0.3
2020;A;19/02/2008;0.3
2020;A;25/04/2008;0.34
2020;A;01/05/2008;0.338
2020;A;27/10/2008;0.35
2020;A;21/05/2009;0.35
2020;A;20/02/2011;0.4
2021;A;12/09/2002;0.24
2021;A;01/11/2007;0.3
2021;A;19/02/2008;0.3
2021;A;21/02/2008;0.338
2021;A;02/05/2008;0.338
2021;A;27/10/2008;0.35
2021;A;21/05/2009;0.35
2021;A;20/02/2011;0.4
2022;A;12/09/2002;0.24
2022;A;01/11/2007;0.3
2022;A;19/02/2008;0.3
2022;A;21/02/2008;0.338
2022;A;02/05/2008;0.338
2022;A;27/10/2008;0.35
2022;A;21/05/2009;0.35
2022;A;20/02/2011;0.4
2023;A;12/09/2002;0.24
2023;A;01/11/2007;0.3
2023;A;19/02/2008;0.3
2023;A;21/02/2008;0.338
2023;A;02/05/2008;0.338
2023;A;27/10/2008;0.35
2023;A;21/05/2009;0.35
2023;A;20/02/2011;0.4
2024;A;12/09/2002;0.24
2024;A;01/11/2007;0.3
2024;A;19/02/2008;0.3
2024;A;21/02/2008;0.338
2024;A;02/05/2008;0.338
2024;A;27/10/2008;0.35
2024;A;21/05/2009;0.35
2025;A;30/08/2005;0.24
2025;A;19/02/2008;0.3
2025;A;21/02/2008;0.338
2025;A;02/05/2008;0.338
2025;A;27/10/2008;0.35
2025;A;21/05/2009;0.35
2026;A;12/09/2002;0.24
2026;A;19/02/2008;0.3
2026;A;01/04/2008;0.34
2026;A;02/05/2008;0.338
2026;A;21/05/2009;0.6
2027;A;02/05/2008;0.6
2027;A;21/05/2009;0.6
2028;A;02/05/2008;0.33
2028;A;21/05/2009;0.6
2028;A;18/06/2009;0.35
2028;A;12/10/2009;0.6
2029;A;02/05/2008;0.6
2029;A;21/05/2009;0.6
2030;A;27/09/2002;0.1481
2031;A;27/09/2002;0.1481
2032;A;27/09/2002;0.1481
2033;A;27/09/2002;0.1481
2034;A;27/09/2002;0.1481
2034;A;01/08/2003;0.1481
2034;A;08/02/2005;0.16
2034;A;23/07/2007;0.2
2034;A;27/10/2008;0.35
2034;A;21/05/2009;0.6
2035;A;30/08/2005;0.16
2039;A;01/10/2003;2.3
2040;A;12/09/2002;2.6
2040;A;21/02/2008;3.63
2040;A;27/10/2008;4.25
2041;A;12/09/2002;2.6
2041;A;21/02/2008;3.63
2041;A;27/10/2008;4.25
2042;A;12/09/2002;2.6
2043;A;12/09/2002;2.6
2044;A;12/09/2002;2.6
2044;A;21/02/2008;3.63
2044;A;27/10/2008;4.25
2045;A;12/09/2002;2.6
2046;A;12/09/2002;2.6
2047;A;12/09/2002;2.6
2048;A;12/09/2002;2.6
2048;A;01/08/2003;2.6
2048;A;08/02/2005;2.5
2048;A;11/02/2005;3
2048;A;10/05/2005;2.6
2049;A;01/08/2003;2.6
2049;A;11/02/2005;3
2049;A;10/05/2005;2.6
2049;A;15/08/2005;3
2049;A;01/10/2005;2.6
2049;A;18/10/2006;3
2049;A;23/07/2007;3.5
2049;A;21/02/2008;3.63
2049;A;21/05/2008;3.63
2049;A;27/10/2008;4.25
2049;A;12/10/2009;4.5
2049;A;17/01/2011;4
2050;A;12/09/2002;8.5
2050;A;01/08/2003;8.5
2050;A;01/10/2005;8.5
2050;A;18/10/2006;9
2050;A;23/07/2007;11
2050;A;21/02/2008;12
2050;A;27/10/2008;12
2050;A;12/10/2009;13
2050;A;14/09/2012;13.04
2051;A;12/09/2002;8.5
2051;A;01/08/2003;8.5
2051;A;01/10/2005;8.5
2051;A;18/10/2006;9
2051;A;23/07/2007;11
2051;A;21/02/2008;12
2051;A;27/10/2008;12
2051;A;12/10/2009;13
2051;A;14/09/2012;13.04
2052;A;12/09/2002;8.5
2052;A;01/08/2003;8.5
2052;A;01/10/2005;8.5
2052;A;18/10/2006;9
2052;A;23/07/2007;11
2052;A;21/02/2008;12
2052;A;27/10/2008;12
2052;A;12/10/2009;13
2052;A;14/09/2012;13.04
2053;A;12/09/2002;8.5
2053;A;01/08/2003;8.5
2053;A;01/10/2005;8.5
2053;A;18/10/2006;9
2053;A;23/07/2007;11
2053;A;21/02/2008;12
2053;A;27/10/2008;12
2053;A;12/10/2009;13
2053;A;14/09/2012;13.04
2054;A;12/09/2002;8.5
2054;A;01/08/2003;8.5
2054;A;01/10/2005;8.5
2054;A;18/10/2006;9
2054;A;23/07/2007;11
2054;A;21/02/2008;12
2054;A;27/10/2008;12
2054;A;12/10/2009;13
2054;A;14/09/2012;13.04
2055;A;12/09/2002;8.5
2055;A;01/08/2003;8.5
2055;A;01/10/2005;8.5
2055;A;18/10/2006;9
2055;A;23/07/2007;11
2055;A;21/02/2008;12
2055;A;27/10/2008;12
2055;A;12/10/2009;13
2055;A;14/09/2012;13.04
2056;A;12/09/2002;8.5
2056;A;01/08/2003;8.5
2056;A;01/10/2005;8.5
2056;A;18/10/2006;9
2056;A;23/07/2007;11
2056;A;21/02/2008;12
2056;A;27/10/2008;12
2056;A;12/10/2009;13
2056;A;14/09/2012;13.04
2057;A;12/09/2002;8.5
2057;A;18/10/2006;9
2057;A;20/10/2007;11
2057;A;16/01/2011;13
2058;A;12/09/2002;8.5
2058;A;01/10/2005;8.5
2058;A;18/10/2006;9
2058;A;23/07/2007;11
2058;A;21/02/2008;12
2058;A;27/10/2008;12
2058;A;12/10/2009;13
2058;A;14/09/2012;13.04
2059;A;12/09/2002;8.5
2059;A;01/10/2005;8.5
2059;A;18/10/2006;9
2059;A;23/07/2007;11
2059;A;21/02/2008;12
2059;A;27/10/2008;12
2059;A;12/10/2009;13
2059;A;14/09/2012;13.04
2060;A;12/09/2002;8.5
2060;A;18/10/2006;9
2061;A;12/09/2002;8.5
2061;A;01/10/2005;8.5
2061;A;18/10/2006;9
2061;A;23/07/2007;11
2061;A;16/01/2011;13
2061;A;14/09/2012;13.04
2062;A;12/09/2002;8.5
2062;A;18/10/2006;9
2062;A;20/10/2007;11
2062;A;16/01/2011;13
2063;A;12/09/2002;8.5
2063;A;18/10/2006;9
2063;A;20/10/2007;11
2063;A;16/01/2011;13
2064;A;19/12/2009;15
2064;A;02/01/2010;17
2065;A;19/12/2009;15
2065;A;02/01/2010;17
2080;A;12/09/2002;10
2080;A;01/08/2003;10
2080;A;18/10/2006;11
2080;A;23/07/2007;12
2080;A;21/02/2008;13
2080;A;27/10/2008;13
2080;A;12/10/2009;14
2080;A;14/09/2012;14.03
2081;A;12/09/2002;10
2081;A;01/08/2003;10
2081;A;18/10/2006;11
2081;A;20/10/2007;12
2081;A;21/02/2008;13
2081;A;27/10/2008;13
2081;A;12/10/2009;14
2081;A;14/09/2012;14.03
2090;A;12/09/2002;14
2091;A;12/09/2002;14
2091;A;21/02/2008;20.5
2091;A;27/10/2008;18
2092;A;12/09/2002;14
2093;A;12/09/2002;14
2094;A;30/09/2002;14
2094;A;01/08/2003;14
2094;A;18/10/2006;15
2094;A;23/07/2007;17
2094;A;20/09/2007;19.5
2094;A;21/05/2008;20.5
2094;A;27/10/2008;18
2094;A;12/10/2009;20
2094;A;17/01/2011;18
2095;A;01/01/2010;15
2095;A;02/01/2010;17
2100;A;12/09/2002;14
2100;A;01/08/2003;14
2100;A;18/10/2006;15
2100;A;23/07/2007;17
2100;A;20/09/2007;19.5
2100;A;21/02/2008;20.5
2100;A;21/05/2008;20.5
2100;A;27/10/2008;18
2100;A;12/10/2009;20
2100;A;17/01/2011;18
2109;A;19/05/2009;18
2109;A;12/10/2009;22
2110;A;01/04/2003;43
2110;A;01/08/2003;43
2110;A;01/12/2004;45
2110;A;10/08/2005;45
2110;A;18/10/2006;47
2110;A;23/07/2007;48
2110;A;20/09/2007;53
2110;A;21/02/2008;59.5
2110;A;27/10/2008;65
2110;A;12/10/2009;68
2111;A;12/09/2002;43
2111;A;01/08/2003;43
2111;A;01/12/2004;45
2111;A;10/08/2005;45
2111;A;18/10/2006;47
2111;A;23/07/2007;48
2111;A;20/09/2007;53
2111;A;21/02/2008;59.5
2111;A;27/10/2008;65
2111;A;04/06/2010;68
2112;A;12/09/2002;43
2112;A;01/08/2003;43
2112;A;01/12/2004;45
2112;A;10/08/2005;45
2113;A;12/09/2002;43
2113;A;01/08/2003;43
2113;A;01/12/2004;45
2113;A;10/08/2005;45
2113;A;18/10/2006;47
2113;A;23/07/2007;48
2113;A;20/09/2007;53
2113;A;21/02/2008;59.5
2113;A;27/10/2008;65
2113;A;26/10/2009;68
2114;A;12/09/2002;43
2114;A;01/08/2003;43
2114;A;01/12/2004;45
2114;A;10/08/2005;45
2114;A;18/10/2006;47
2114;A;23/07/2007;48
2114;A;20/09/2007;53
2114;A;21/02/2008;59.5
2114;A;27/10/2008;65
2114;A;12/10/2009;68
2115;A;12/09/2002;43
2115;A;01/08/2003;43
2115;A;01/12/2004;45
2115;A;10/08/2005;45
2115;A;18/10/2006;47
2115;A;23/07/2007;48
2115;A;20/09/2007;53
2115;A;21/02/2008;59.5
2115;A;27/10/2008;65
2115;A;12/10/2009;68
2116;A;12/09/2002;43
2116;A;01/08/2003;43
2116;A;01/12/2004;45
2116;A;10/08/2005;45
2116;A;18/10/2006;47
2116;A;23/07/2007;48
2116;A;20/09/2007;53
2116;A;21/02/2008;59.5
2116;A;27/10/2008;65
2116;A;12/10/2009;68
2117;A;12/09/2002;43
2117;A;01/08/2003;43
2117;A;01/12/2004;45
2117;A;10/08/2005;45
2117;A;18/10/2006;47
2117;A;23/07/2007;48
2117;A;20/09/2007;53
2117;A;21/02/2008;59.5
2117;A;27/10/2008;65
2117;A;26/10/2009;68
2118;A;12/09/2002;43
2118;A;01/08/2003;43
2118;A;01/12/2004;45
2118;A;10/08/2005;45
2118;A;18/10/2006;47
2118;A;23/07/2007;48
2118;A;20/09/2007;53
2118;A;21/02/2008;59.5
2118;A;27/10/2008;65
2118;A;12/10/2009;68
2119;A;12/09/2002;43
2119;A;01/08/2003;43
2119;A;01/12/2004;45
2119;A;10/08/2005;45
2119;A;18/10/2006;47
2119;A;23/07/2007;48
2119;A;20/09/2007;53
2119;A;21/02/2008;59.5
2119;A;27/10/2008;65
2119;A;12/10/2009;68
2120;A;12/09/2002;43
2120;A;01/08/2003;43
2120;A;01/12/2004;45
2120;A;10/08/2005;45
2120;A;18/10/2006;47
2120;A;23/07/2007;48
2120;A;20/09/2007;53
2120;A;21/02/2008;59.5
2120;A;27/10/2008;65
2120;A;12/10/2009;68
2121;A;12/09/2002;43
2121;A;01/08/2003;43
2121;A;01/12/2004;45
2121;A;10/08/2005;45
2121;A;18/10/2006;47
2121;A;20/10/2007;53
2121;A;16/01/2011;68
2122;A;12/09/2002;43
2122;A;01/08/2003;43
2122;A;01/12/2004;45
2122;A;10/08/2005;45
2122;A;18/10/2006;47
2122;A;20/10/2007;53
2122;A;16/01/2011;68
2123;A;12/09/2002;43
2123;A;01/08/2003;43
2123;A;01/12/2004;45
2123;A;10/08/2005;45
2123;A;18/10/2006;47
2123;A;23/07/2007;48
2123;A;20/09/2007;53
2123;A;21/02/2008;59.5
2123;A;27/10/2008;65
2123;A;12/10/2009;68
2124;A;12/09/2002;43
2124;A;01/08/2003;43
2124;A;01/12/2004;45
2124;A;10/08/2005;45
2125;A;12/09/2002;43
2125;A;01/08/2003;43
2125;A;01/12/2004;45
2125;A;10/08/2005;45
2125;A;18/10/2006;47
2125;A;23/07/2007;48
2125;A;20/09/2007;53
2125;A;21/02/2008;59.5
2125;A;27/10/2008;65
2125;A;12/10/2009;68
2126;A;12/09/2002;43
2126;A;01/08/2003;43
2126;A;01/12/2004;45
2126;A;10/08/2005;45
2126;A;18/10/2006;47
2126;A;23/07/2007;48
2126;A;20/09/2007;53
2126;A;21/02/2008;59.5
2126;A;27/10/2008;65
2126;A;16/01/2011;68
2127;A;12/09/2002;43
2127;A;01/08/2003;43
2127;A;01/12/2004;45
2127;A;10/08/2005;45
2127;A;18/10/2006;47
2127;A;23/07/2007;48
2127;A;20/09/2007;53
2127;A;21/02/2008;59.5
2127;A;27/10/2008;65
2127;A;12/10/2009;68
2128;A;12/09/2002;43
2128;A;01/08/2003;43
2128;A;01/12/2004;45
2128;A;10/08/2005;45
2128;A;18/10/2006;47
2128;A;23/07/2007;48
2128;A;20/09/2007;53
2128;A;21/02/2008;59.5
2128;A;27/10/2008;65
2128;A;12/10/2009;68
2129;A;01/12/2004;45
2129;A;10/08/2005;45
2130;A;01/08/2003;43
2130;A;01/12/2004;45
2130;A;10/08/2005;45
2130;A;18/10/2006;47
2130;A;23/07/2007;48
2130;A;20/09/2007;53
2130;A;21/02/2008;59.5
2130;A;27/10/2008;65
2130;A;12/10/2009;68
2131;A;01/10/2002;43
2131;A;01/08/2003;43
2131;A;01/12/2004;45
2131;A;10/08/2005;45
2131;A;18/10/2006;47
2131;A;20/10/2007;53
2131;A;16/01/2011;68
2132;A;12/09/2002;43
2132;A;01/08/2003;43
2132;A;01/12/2004;45
2132;A;10/08/2005;45
2132;A;18/10/2006;47
2132;A;23/07/2007;48
2132;A;20/09/2007;53
2132;A;21/02/2008;59.5
2132;A;27/10/2008;65
2132;A;12/10/2009;68
2133;A;13/03/2003;43
2133;A;01/08/2003;43
2133;A;01/12/2004;45
2133;A;10/08/2005;45
2133;A;18/10/2006;47
2133;A;20/10/2007;53
2133;A;16/01/2011;68
2134;A;13/03/2003;43
2134;A;01/08/2003;43
2134;A;01/12/2004;45
2134;A;10/08/2005;45
2134;A;18/10/2006;47
2134;A;20/10/2007;53
2134;A;16/01/2011;68
2135;A;01/12/2004;45
2135;A;10/08/2005;45
2135;A;18/10/2006;47
2135;A;20/10/2007;53
2135;A;16/01/2011;68
2136;A;12/09/2002;43
2136;A;01/08/2003;43
2136;A;01/12/2004;45
2136;A;10/08/2005;45
2136;A;18/10/2006;47
2136;A;23/07/2007;48
2136;A;20/09/2007;53
2136;A;21/02/2008;59.5
2136;A;27/10/2008;65
2136;A;30/12/2009;68
2137;A;10/08/2005;45
2137;A;18/10/2006;47
2137;A;23/07/2007;48
2137;A;20/09/2007;53
2137;A;21/02/2008;59.5
2137;A;27/10/2008;65
2137;A;12/10/2009;68
2138;A;10/08/2005;45
2138;A;18/10/2006;47
2138;A;21/02/2008;59.5
2138;A;27/10/2008;65
2138;A;16/01/2011;68
2139;A;27/08/2005;45
2139;A;18/10/2006;47
2139;A;16/01/2011;68
2140;A;12/09/2002;14
2140;A;01/08/2003;14
2140;A;18/10/2006;15
2140;A;23/07/2007;16
2140;A;20/09/2007;19
2140;A;21/02/2008;19
2140;A;27/10/2008;22
2140;A;12/10/2009;23.5
2141;A;12/09/2002;14
2141;A;01/08/2003;14
2141;A;18/10/2006;15
2141;A;23/07/2007;16
2141;A;20/09/2007;19
2141;A;21/02/2008;19
2141;A;27/10/2008;22
2141;A;12/10/2009;23.5
2142;A;12/09/2002;14
2142;A;01/08/2003;14
2142;A;18/10/2006;15
2142;A;23/07/2007;16
2142;A;20/09/2007;19
2142;A;21/02/2008;19
2142;A;27/10/2008;22
2142;A;12/10/2009;23.5
2143;A;12/09/2002;14
2143;A;01/08/2003;14
2143;A;18/10/2006;15
2143;A;23/07/2007;16
2143;A;20/09/2007;19
2143;A;21/02/2008;19
2143;A;27/10/2008;22
2143;A;12/10/2009;23.5
2144;A;12/09/2002;14
2144;A;01/08/2003;14
2144;A;18/10/2006;15
2144;A;23/07/2007;16
2144;A;20/09/2007;19
2144;A;21/02/2008;19
2144;A;27/10/2008;22
2144;A;12/10/2009;23.5
2145;A;12/09/2002;14
2145;A;01/08/2003;14
2146;A;12/09/2002;14
2146;A;01/08/2003;14
2146;A;18/10/2006;15
2146;A;23/07/2007;16
2146;A;20/09/2007;19
2146;A;21/02/2008;19
2146;A;27/10/2008;23.5
2147;A;24/11/2004;13
2148;A;24/11/2004;13
2149;A;24/11/2004;13
2150;A;21/12/2005;14
2150;A;18/10/2006;15
2150;A;12/12/2006;12
2150;A;23/07/2007;16
2150;A;20/09/2007;19
2150;A;21/02/2008;12
2151;A;27/08/2005;45
2151;A;18/10/2006;47
2151;A;16/01/2011;68
2152;A;27/08/2005;45
2152;A;18/10/2006;47
2152;A;23/07/2007;48
2152;A;20/09/2007;53
2152;A;16/01/2011;68
2160;A;12/09/2002;35
2160;A;01/08/2003;35
2160;A;01/12/2004;38
2160;A;10/08/2005;40
2160;A;01/12/2006;42
2160;A;14/01/2008;43
2160;A;21/02/2008;47
2160;A;27/10/2008;50
2160;A;12/10/2009;55
2161;A;12/09/2002;35
2161;A;01/08/2003;35
2161;A;01/12/2004;38
2161;A;10/08/2005;40
2161;A;18/10/2006;42
2161;A;23/07/2007;43
2161;A;21/02/2008;47
2161;A;27/10/2008;50
2161;A;12/10/2009;55
2162;A;23/07/1907;43
2162;A;12/09/2002;35
2162;A;01/08/2003;35
2162;A;01/12/2004;38
2162;A;10/08/2005;40
2162;A;01/07/2007;42
2162;A;16/01/2011;55
2163;A;12/09/2002;35
2163;A;01/08/2003;35
2163;A;01/12/2004;38
2163;A;10/08/2005;40
2163;A;18/10/2006;42
2163;A;23/07/2007;43
2163;A;21/02/2008;47
2163;A;27/10/2008;50
2163;A;12/10/2009;55
2164;A;12/09/2002;35
2164;A;01/08/2003;35
2164;A;01/12/2004;38
2164;A;10/08/2005;40
2164;A;01/07/2007;42
2164;A;21/02/2008;47
2164;A;27/10/2008;50
2164;A;16/01/2011;55
2165;A;12/09/2002;35
2165;A;01/08/2003;35
2165;A;01/12/2004;38
2165;A;10/08/2005;40
2165;A;18/10/2006;42
2165;A;23/07/2007;43
2165;A;21/02/2008;47
2165;A;27/10/2008;50
2165;A;12/10/2009;55
2166;A;12/09/2002;35
2166;A;01/08/2003;35
2166;A;01/12/2004;38
2166;A;10/08/2005;40
2166;A;18/10/2006;42
2166;A;23/07/2007;43
2166;A;21/02/2008;47
2166;A;27/10/2008;50
2166;A;12/10/2009;55
2167;A;23/07/1907;43
2167;A;12/09/2002;35
2167;A;01/08/2003;35
2167;A;01/12/2004;38
2167;A;10/08/2005;40
2167;A;18/10/2006;42
2167;A;23/07/2007;43
2167;A;21/02/2008;47
2167;A;27/10/2008;50
2167;A;12/10/2009;55
2168;A;12/09/2002;35
2168;A;01/08/2003;35
2168;A;01/12/2004;38
2168;A;10/08/2005;40
2168;A;18/10/2006;42
2168;A;13/10/2007;43
2168;A;21/02/2008;47
2168;A;27/10/2008;50
2168;A;01/02/2010;55
2169;A;12/09/2002;35
2169;A;01/08/2003;35
2169;A;01/12/2004;38
2169;A;10/08/2005;40
2169;A;18/10/2006;42
2169;A;23/07/2007;43
2169;A;21/02/2008;47
2169;A;27/10/2008;50
2169;A;12/10/2009;55
2170;A;12/09/2002;35
2170;A;01/08/2003;35
2170;A;01/12/2004;38
2170;A;10/08/2005;40
2170;A;18/10/2006;42
2170;A;23/07/2007;43
2170;A;21/02/2008;47
2170;A;27/10/2008;50
2170;A;12/10/2009;55
2171;A;12/09/2002;35
2171;A;01/08/2003;35
2171;A;01/12/2004;38
2171;A;10/08/2005;40
2171;A;18/10/2006;42
2171;A;16/01/2011;55
2172;A;12/09/2002;35
2172;A;01/08/2003;35
2172;A;01/12/2004;38
2172;A;10/08/2005;40
2172;A;18/10/2006;42
2172;A;23/07/2007;43
2172;A;21/02/2008;47
2172;A;27/10/2008;50
2172;A;12/10/2009;55
2173;A;12/09/2002;35
2173;A;01/08/2003;35
2173;A;01/12/2004;38
2173;A;10/08/2005;40
2173;A;18/10/2006;42
2173;A;23/07/2007;43
2173;A;21/02/2008;47
2173;A;27/10/2008;50
2173;A;01/02/2010;55
2174;A;12/09/2002;35
2174;A;01/08/2003;35
2174;A;01/12/2004;38
2174;A;10/08/2005;40
2174;A;18/10/2006;42
2174;A;23/07/2007;43
2174;A;21/02/2008;47
2174;A;27/10/2008;50
2174;A;12/10/2009;55
2175;A;12/09/2002;35
2175;A;01/08/2003;35
2175;A;01/12/2004;38
2175;A;10/08/2005;40
2175;A;18/10/2006;42
2175;A;23/07/2007;43
2175;A;21/02/2008;47
2175;A;27/10/2008;50
2175;A;12/10/2009;55
2176;A;12/09/2002;35
2176;A;01/08/2003;35
2176;A;01/12/2004;38
2176;A;10/08/2005;40
2176;A;21/02/2008;47
2176;A;27/10/2008;50
2177;A;12/09/2002;35
2177;A;01/08/2003;35
2177;A;01/12/2004;38
2177;A;10/08/2005;40
2177;A;01/12/2006;42
2177;A;09/10/2007;43
2177;A;21/02/2008;47
2177;A;27/10/2008;50
2177;A;01/03/2010;55
2178;A;12/09/2002;35
2178;A;01/08/2003;35
2178;A;01/12/2004;38
2178;A;10/08/2005;40
2179;A;12/09/2002;35
2179;A;01/08/2003;35
2179;A;01/12/2004;38
2179;A;10/08/2005;40
2180;A;12/09/2002;35
2180;A;01/08/2003;35
2180;A;01/12/2004;38
2180;A;10/08/2005;40
2181;A;01/04/2003;35
2181;A;01/08/2003;35
2181;A;01/12/2004;38
2181;A;10/08/2005;40
2181;A;21/02/2008;47
2181;A;27/10/2008;50
2182;A;12/03/2003;35
2182;A;01/08/2003;35
2182;A;01/12/2004;38
2182;A;10/08/2005;40
2182;A;21/02/2008;47
2182;A;27/10/2008;50
2182;A;01/02/2010;55
2183;A;08/09/2003;40
2184;A;08/09/2003;40
2185;A;08/09/2003;40
2186;A;12/08/2005;40
2186;A;01/07/2007;42
2186;A;10/10/2007;43
2186;A;21/02/2008;47
2186;A;27/10/2008;50
2186;A;01/01/2010;55
2187;A;10/08/2005;40
2187;A;21/02/2008;47
2187;A;27/10/2008;50
2188;A;27/08/2005;40
2188;A;18/10/2006;42
2188;A;23/07/2007;43
2188;A;16/01/2011;55
2189;A;27/08/2005;40
2189;A;18/10/2006;42
2189;A;16/01/2011;55
2190;A;27/09/2002;40
2190;A;01/08/2003;40
2190;A;13/05/2006;43
2190;A;18/10/2006;43
2190;A;16/05/2007;50
2190;A;21/02/2008;56.5
2190;A;21/05/2008;56.5
2190;A;27/10/2008;57
2190;A;12/10/2009;60
2190;A;20/05/2010;61
2190;A;11/05/2011;60
2191;A;10/05/2005;35
2191;A;18/10/2006;35
2191;A;16/05/2007;40
2191;A;21/02/2008;46.5
2191;A;21/05/2008;46.5
2191;A;27/10/2008;50
2191;A;12/10/2009;55
2191;A;20/05/2010;51
2191;A;11/05/2011;51
2191;A;19/05/2012;54
2192;A;19/12/2009;50
2193;A;16/03/2011;45
2194;A;16/03/2011;45
2195;A;16/03/2011;45
2195;A;01/03/2012;55
2195;A;19/05/2012;55
2196;A;16/03/2011;45
2196;A;01/03/2012;53
2197;A;21/12/2010;40
2197;A;11/05/2011;41
2198;A;27/10/2008;40
2198;A;17/12/2010;40
2198;A;19/12/2011;50
2199;A;21/05/2008;50
2199;A;20/05/2009;50
2199;A;12/10/2009;55
2199;A;20/05/2010;51
2199;A;19/05/2012;54
2200;A;27/09/2002;26
2200;A;01/08/2003;26
2200;A;18/10/2006;26
2200;A;16/05/2007;35
2200;A;21/02/2008;36.5
2200;A;21/05/2008;36.5
2200;A;27/10/2008;40
2200;A;12/10/2009;43
2200;A;17/01/2011;40
2200;A;11/05/2011;43
2201;A;01/04/2003;16
2201;A;02/04/2003;16
2201;A;01/08/2003;16
2201;A;01/03/2012;50
2202;A;16/05/2007;43
2202;A;21/08/2007;44
2202;A;21/02/2008;56.5
2202;A;21/05/2008;56.5
2202;A;27/10/2008;50
2202;A;12/10/2009;55
2202;A;20/05/2010;51
2202;A;11/05/2011;51
2202;A;19/05/2012;54
2203;A;16/05/2007;43
2203;A;21/08/2007;44
2203;A;21/02/2008;56.5
2203;A;21/05/2008;56.5
2203;A;27/10/2008;50
2203;A;12/10/2009;55
2203;A;20/05/2010;51
2203;A;11/05/2011;51
2203;A;19/05/2012;54
2204;A;16/12/2010;40
2204;A;17/12/2010;40
2205;A;17/12/2010;40
2205;A;19/12/2011;50
2206;A;27/10/2008;20
2206;A;17/12/2010;40
2207;A;22/10/2010;30
2208;A;21/05/2008;56.5
2209;A;19/05/2010;41
2210;A;19/05/2010;4.5
2211;A;20/05/2010;26
2211;A;16/01/2011;35
2212;A;20/05/2010;15
2213;A;20/05/2010;15
2214;A;21/07/2010;15
2215;A;12/05/2011;35
2216;A;19/10/2011;40
2217;A;19/10/2011;40
2217;A;26/10/2012;43.68
2218;A;19/10/2011;40
2218;A;26/10/2012;43.68
2219;A;17/12/2011;42
2220;A;12/09/2002;12
2220;A;01/08/2003;12
2221;A;24/07/2006;3
2221;A;08/01/2007;3.5
2221;A;23/04/2007;3.6
2221;A;23/07/2007;3.6
2221;A;27/11/2007;3.7
2221;A;18/03/2008;5
2221;A;10/09/2008;4.5
2221;A;11/12/2008;4
2221;A;12/10/2009;4.1
2221;A;13/10/2009;3.9
2221;A;20/02/2011;4.4
2222;A;12/09/2002;12
2222;A;01/08/2003;12
2222;A;16/11/2006;4
2222;A;23/04/2007;4.2
2222;A;23/07/2007;4.5
2222;A;27/11/2007;4.5
2222;A;18/03/2008;5.4
2222;A;10/09/2008;5
2222;A;09/11/2009;4.5
2222;A;21/02/2011;5.5
2223;A;12/09/2002;12
2223;A;01/08/2003;12
2223;A;17/03/2009;5.2
2223;A;12/10/2009;6
2223;A;13/10/2009;5.5
2224;A;12/09/2002;12
2224;A;01/08/2003;12
2224;A;01/04/2006;5
2224;A;14/07/2006;4
2224;A;08/01/2007;4.5
2224;A;23/07/2007;5.5
2224;A;27/11/2007;5.5
2224;A;18/03/2008;6.5
2224;A;17/03/2009;5.2
2224;A;12/10/2009;6
2224;A;13/10/2009;5.5
2225;A;01/03/2006;3.2
2225;A;29/03/2006;2.9
2225;A;16/10/2006;2.9
2225;A;08/01/2007;3.1
2225;A;06/02/2007;2.9
2225;A;11/02/2007;3.1
2225;A;23/04/2007;3.3
2225;A;23/07/2007;3.4
2225;A;13/08/2007;3.5
2225;A;27/11/2007;3.6
2225;A;18/03/2008;4.3
2225;A;10/09/2008;4
2225;A;12/10/2009;3.8
2225;A;13/10/2009;4
2225;A;21/02/2011;4
2225;A;10/06/2011;4.3
2226;A;24/07/2006;3
2226;A;08/01/2007;3.5
2226;A;23/04/2007;3.6
2226;A;23/07/2007;3.6
2226;A;27/11/2007;3.7
2226;A;18/03/2008;5
2226;A;10/09/2008;4.5
2226;A;03/12/2008;4
2226;A;12/10/2009;4.2
2226;A;13/10/2009;3.9
2226;A;01/01/2012;4.4
2227;A;01/06/2006;1.6
2227;A;08/01/2007;1.8
2227;A;23/04/2007;2
2227;A;23/07/2007;2
2227;A;27/11/2007;2.1
2227;A;18/03/2008;2.4
2227;A;10/09/2008;2
2227;A;07/11/2008;1.667
2227;A;12/10/2009;1.8
2227;A;14/05/2010;1.55
2227;A;21/02/2011;1.8
2228;A;01/06/2006;1.6
2228;A;08/01/2007;1.8
2228;A;23/04/2007;2
2228;A;23/07/2007;2
2228;A;27/11/2007;2.1
2228;A;18/03/2008;2.4
2228;A;10/09/2008;2
2228;A;07/11/2008;1.667
2228;A;12/10/2009;1.8
2228;A;14/05/2010;1.55
2228;A;21/02/2011;1.8
2229;A;01/06/2006;1.6
2229;A;08/01/2007;1.8
2229;A;23/04/2007;2
2229;A;23/07/2007;2
2229;A;27/11/2007;2.1
2229;A;18/03/2008;2.4
2229;A;10/09/2008;2
2229;A;07/11/2008;1.667
2229;A;12/10/2009;1.8
2229;A;14/05/2010;1.55
2229;A;21/02/2011;1.8
2230;A;12/09/2002;0.35
2230;A;01/08/2003;0.35
2231;A;12/09/2002;0.35
2231;A;01/08/2003;0.35
2232;A;12/09/2002;0.35
2232;A;01/08/2003;0.35
2232;A;19/03/2007;0.4
2232;A;13/08/2007;0.35
2232;A;12/10/2009;0.4
2233;A;12/09/2002;0.35
2233;A;01/08/2003;0.35
2233;A;08/03/2007;0.6
2233;A;19/03/2007;0.4
2233;A;13/08/2007;0.35
2234;A;12/09/2002;0.35
2234;A;01/08/2003;0.35
2234;A;08/03/2007;0.6
2234;A;19/03/2007;0.4
2234;A;13/08/2007;0.35
2234;A;12/10/2009;0.4
2235;A;12/09/2002;0.35
2235;A;01/08/2003;0.35
2235;A;19/03/2007;0.4
2240;A;12/09/2002;0.4
2240;A;01/08/2003;0.4
2242;A;01/04/2012;4.5
2243;A;26/10/2012;25.48
2245;A;01/02/2003;0.35
2245;A;01/08/2003;0.35
2250;A;12/09/2002;2.5
2250;A;01/08/2003;2.5
2260;A;12/09/2002;0.4
2261;A;12/09/2002;0.4
2262;A;12/09/2002;0.4
2262;A;01/08/2003;0.4
2263;A;12/09/2002;0.4
2264;A;12/09/2002;0.4
2264;A;01/08/2003;0.4
2265;A;05/03/2004;0.29
2270;A;12/09/2002;0.41
2270;A;11/05/2003;0.39
2270;A;12/05/2003;0.39
2270;A;15/08/2005;0.41
2277;A;01/07/2006;2.2
2277;A;23/04/2007;2.4
2277;A;13/08/2007;2.2
2278;A;01/07/2006;2.2
2278;A;23/04/2007;2.4
2278;A;13/08/2007;2.2
2279;A;01/07/2006;2.2
2279;A;23/04/2007;2.4
2279;A;23/07/2007;2.2
2279;A;13/08/2007;2.2
2280;A;12/09/2002;0.8
2280;A;01/08/2003;0.8
2281;A;12/09/2002;0.8
2281;A;01/08/2003;0.8
2282;A;12/09/2002;0.8
2282;A;01/08/2003;0.8
2283;A;12/09/2002;0.8
2283;A;01/08/2003;0.8
2284;A;12/09/2002;0.8
2284;A;01/08/2003;0.8
2285;A;27/10/2003;0.4
2285;A;21/02/2011;0.4
2286;A;12/09/2002;0.8
2286;A;01/08/2003;0.8
2286;A;01/02/2010;0.4
2286;A;21/02/2011;0.4
2287;A;27/10/2003;0.4
2287;A;21/02/2011;0.4
2288;A;27/10/2003;0.4
2288;A;01/11/2003;0.4
2288;A;21/02/2011;0.4
2289;A;27/10/2003;0.4
2289;A;21/02/2011;0.4
2290;A;12/09/2002;1.6
2291;A;12/09/2002;1.6
2292;A;12/09/2002;1.6
2293;A;12/09/2002;1.6
2293;A;01/08/2003;1.6
2297;A;18/06/2011;0.4
2298;A;01/11/2003;0.4
2298;A;21/02/2011;0.4
2299;A;01/11/2003;0.4
2299;A;21/02/2011;0.4
2300;A;12/09/2002;0.4
2300;A;01/08/2003;0.4
2300;A;18/03/2008;0.42
2300;A;02/07/2009;0.4
2300;A;21/02/2011;0.41
2301;A;12/09/2002;0.4
2301;A;01/08/2003;0.4
2301;A;18/03/2008;0.42
2301;A;02/07/2009;0.4
2301;A;21/02/2011;0.41
2302;A;12/09/2002;0.4
2302;A;01/08/2003;0.4
2303;A;12/09/2002;0.4
2303;A;01/08/2003;0.4
2304;A;12/09/2002;0.4
2304;A;01/08/2003;0.4
2306;A;12/09/2002;0.4
2306;A;01/08/2003;0.4
2307;A;12/09/2002;0.4
2307;A;01/08/2003;0.4
2307;A;18/03/2008;0.42
2307;A;02/07/2009;0.4
2307;A;21/02/2011;0.41
2308;A;12/09/2002;0.4
2308;A;01/08/2003;0.4
2309;A;12/03/2003;0.4
2309;A;01/08/2003;0.4
2310;A;22/10/2002;0.3636
2310;A;01/08/2003;0.4
2311;A;22/10/2002;0.3636
2311;A;01/08/2003;0.4
2312;A;22/10/2002;0.3636
2312;A;01/08/2003;0.4
2313;A;22/10/2002;0.3636
2313;A;01/08/2003;0.4
2316;A;23/10/2003;0.3333
2317;A;22/10/2002;0.3636
2317;A;01/08/2003;0.4
2318;A;03/02/2004;0.555
2319;A;01/03/2004;0.62
2320;A;12/09/2002;7.2
2320;A;08/06/2005;8
2320;A;22/06/2005;7.5
2320;A;01/01/2006;7.5
2320;A;14/11/2006;8
2320;A;01/03/2007;8.5
2320;A;13/08/2007;9
2320;A;18/03/2008;9.5
2320;A;21/02/2011;11
2321;A;12/09/2002;7.2
2321;A;08/06/2005;8
2321;A;22/06/2005;7.5
2321;A;01/01/2006;7.5
2321;A;08/01/2007;8
2321;A;13/08/2007;9
2321;A;18/03/2008;9.5
2321;A;21/02/2011;11
2322;A;12/09/2002;7.2
2322;A;08/06/2005;8
2322;A;22/06/2005;7.5
2322;A;01/01/2006;7.5
2322;A;14/11/2006;8
2322;A;01/03/2007;8.5
2322;A;13/08/2007;9
2322;A;18/03/2008;9.5
2322;A;21/02/2011;11
2323;A;12/09/2002;7.2
2323;A;08/06/2005;8
2323;A;22/06/2005;7.5
2323;A;01/01/2006;7.5
2323;A;14/11/2006;8
2323;A;01/03/2007;8.5
2323;A;13/08/2007;9
2323;A;18/03/2008;9.5
2323;A;21/02/2011;11
2324;A;12/09/2002;7.2
2324;A;22/06/2005;7.5
2325;A;12/09/2002;7.2
2325;A;08/06/2005;8
2325;A;22/06/2005;7.5
2326;A;12/09/2002;7.2
2326;A;08/06/2005;8
2326;A;22/06/2005;7.5
2327;A;30/09/2002;7.2
2327;A;01/11/2002;7.2
2327;A;01/08/2003;7.2
2327;A;01/09/2004;7.5
2327;A;08/06/2005;8
2327;A;22/06/2005;7.5
2328;A;20/01/2011;0.75
2329;A;20/01/2011;0.75
2330;A;26/06/2006;6.5
2330;A;14/11/2006;7
2330;A;08/01/2007;7.3
2330;A;23/07/2007;7.5
2330;A;18/03/2008;8.5
2330;A;21/02/2011;9.5
2331;A;26/06/2006;6.5
2331;A;14/11/2006;7
2331;A;08/01/2007;7.3
2331;A;23/07/2007;7.5
2331;A;18/03/2008;8.5
2331;A;21/02/2011;9.5
2332;A;26/06/2006;6.5
2332;A;14/11/2006;7
2332;A;08/01/2007;7.3
2332;A;23/07/2007;7.5
2332;A;18/03/2008;8.5
2332;A;21/02/2011;9.5
2333;A;26/06/2006;6.5
2333;A;14/11/2006;7
2333;A;08/01/2007;7.3
2333;A;23/07/2007;7.5
2333;A;18/03/2008;8.5
2333;A;21/02/2011;9.5
2334;A;01/10/2005;7.5
2334;A;26/06/2006;6.5
2334;A;14/11/2006;7
2334;A;08/01/2007;7.3
2334;A;23/07/2007;7.5
2334;A;18/03/2008;8.5
2336;A;13/09/2005;0.74
2340;A;23/12/2008;6
2340;A;12/10/2009;6.5
2341;A;23/12/2008;6
2341;A;12/10/2009;6.5
2342;A;23/12/2008;6
2342;A;12/10/2009;6.5
2343;A;23/12/2008;6
2343;A;12/10/2009;6.5
2344;A;23/12/2008;6
2344;A;12/10/2009;6.5
2345;A;23/12/2008;6
2345;A;12/10/2009;6.5
2346;A;23/12/2008;6
2346;A;12/10/2009;6.3
2346;A;13/10/2009;6.5
2347;A;23/12/2008;6
2347;A;12/10/2009;6.3
2347;A;13/10/2009;6.5
2349;A;23/03/2004;0.8
2350;A;12/09/2002;1.6
2351;A;12/09/2002;1.6
2351;A;01/08/2003;1.6
2352;A;12/09/2002;1.6
2352;A;01/08/2003;1.6
2353;A;12/09/2002;1.6
2353;A;01/08/2003;1.6
2354;A;12/09/2002;1.6
2354;A;01/08/2003;1.6
2360;A;12/09/2002;9
2360;A;01/08/2003;9
2361;A;12/09/2002;9
2361;A;01/08/2003;9
2362;A;12/09/2002;9
2362;A;01/08/2003;9
2363;A;12/09/2002;9
2363;A;01/08/2003;9
2364;A;12/09/2005;34.692
2364;A;01/10/2005;4.51
2365;A;03/12/2008;9
2380;A;27/09/2002;16.041
2380;A;01/08/2003;16.041
2380;A;02/02/2004;1.5
2380;A;14/09/2012;2.51
2390;A;27/09/2002;0.4
2390;A;29/09/2002;0.3561
2390;A;01/08/2003;0.3561
2390;A;08/02/2005;0.3788
2390;A;01/10/2005;0.4
2390;A;18/10/2006;0.4015
2390;A;23/07/2007;0.5
2390;A;21/02/2008;0.5
2390;A;27/10/2008;0.60606
2390;A;12/10/2009;0.61
2390;A;14/09/2012;0.87
2391;A;27/08/2005;0.4
2391;A;18/10/2006;0.4015
2391;A;23/07/2007;0.5
2391;A;21/02/2008;0.5
2391;A;27/10/2008;0.42424
2391;A;12/10/2009;0.45
2391;A;17/01/2011;0.41
2392;A;27/08/2005;0.4
2392;A;21/02/2008;0.5
2392;A;27/10/2008;0.42424
2392;A;16/01/2011;0.45
2392;A;17/01/2011;0.41
2393;A;09/09/2005;0.4
2393;A;18/10/2006;0.4015
2394;A;09/09/2005;0.4
2395;A;09/09/2005;0.4
2396;A;01/07/2006;2.6
2400;A;12/09/2002;0.4
2400;A;01/08/2003;0.4
2401;A;19/11/2003;0.4
2401;A;18/10/2006;0.4
2401;A;23/07/2007;0.5
2401;A;21/02/2008;0.5
2401;A;27/10/2008;0.61667
2401;A;12/10/2009;0.62
2401;A;17/12/2010;0.8
2402;A;27/08/2005;0.4
2402;A;21/02/2008;0.5
2402;A;27/10/2008;0.61667
2403;A;27/08/2005;0.4
2403;A;21/02/2008;0.5
2403;A;27/10/2008;0.61667
2410;A;12/09/2002;0.75
2410;A;01/08/2003;0.75
2410;A;01/10/2005;0.8
2410;A;18/10/2006;0.8
2410;A;23/07/2007;1.1
2410;A;23/08/2007;0.8
2410;A;21/02/2008;0.81
2410;A;27/10/2008;109.091
2410;A;16/01/2011;1.15
2420;A;27/09/2002;11.667
2420;A;01/08/2003;11.667
2420;A;21/05/2009;0.001
2427;A;01/04/2003;0.7
2427;A;01/05/2003;0.75
2427;A;01/08/2003;0.75
2427;A;01/09/2004;0.4015
2430;A;12/09/2002;0.4
2430;A;01/08/2003;0.4
2431;A;29/09/2002;0.4
2431;A;01/08/2003;0.4
2431;A;23/08/2007;0.4
2431;A;21/02/2008;0.425
2431;A;27/10/2008;0.425
2432;A;22/12/2002;0.4
2432;A;01/08/2003;0.4
2432;A;18/10/2006;0.4
2432;A;23/07/2007;0.5
2432;A;23/08/2007;0.4
2432;A;21/02/2008;0.425
2432;A;12/10/2009;0.45
2432;A;16/01/2011;0.75
2435;A;23/08/2007;0.4
2435;A;21/02/2008;0.425
2435;A;27/10/2008;0.425
2436;A;23/08/2007;0.4
2436;A;21/02/2008;0.425
2436;A;27/10/2008;0.42424
2437;A;23/08/2007;0.4
2437;A;21/02/2008;0.425
2437;A;27/10/2008;0.42424
2438;A;23/08/2007;0.4
2438;A;21/02/2008;0.425
2438;A;27/10/2008;0.42424
2445;A;27/09/2002;0.4015
2445;A;01/08/2003;0.4015
2445;A;01/10/2005;0.4
2445;A;18/10/2006;0.4015
2445;A;23/07/2007;0.5
2445;A;23/08/2007;0.4
2445;A;21/02/2008;0.425
2445;A;12/10/2009;0.45
2445;A;15/11/2010;0.4
2445;A;16/01/2011;0.75
2450;A;27/09/2002;0.3561
2451;A;27/09/2002;0.3561
2452;A;27/09/2002;0.3561
2453;A;27/09/2002;0.3561
2454;A;27/09/2002;0.3561
2455;A;27/09/2002;0.3561
2456;A;27/09/2002;0.3561
2457;A;27/09/2002;0.3561
2458;A;01/10/2002;0.3561
2458;A;01/08/2003;0.3561
2458;A;08/02/2005;0.3788
2458;A;01/10/2005;0.4
2458;A;21/05/2009;0.001
2461;A;02/07/2005;0.4167
2461;A;24/10/2005;0.4167
2461;A;18/10/2006;0.42
2461;A;20/09/2007;0.5
2461;A;21/02/2008;0.5
2461;A;27/10/2008;0.61111
2461;A;16/01/2011;0.75
2462;A;02/07/2005;0.4
2462;A;21/02/2008;0.5
2462;A;27/10/2008;0.61111
2463;A;02/07/2005;0.4
2464;A;02/07/2005;0.4
2465;A;02/07/2005;0.4
2466;A;02/07/2005;0.4
2466;A;21/02/2008;0.5
2466;A;27/10/2008;0.61111
2470;A;27/09/2002;11.052
2471;A;06/12/2003;16.574
2471;A;10/12/2003;16.574
2471;A;03/02/2004;16.574
2471;A;01/10/2005;16.574
2471;A;18/10/2006;16.574
2471;A;23/07/2007;2
2471;A;21/02/2008;2
2471;A;27/10/2008;222.222
2471;A;12/10/2009;2.3
2471;A;24/10/2012;2.51
2472;A;16/08/2008;3.5
2472;A;27/10/2008;4
2472;A;12/10/2009;4.3
2472;A;15/11/2010;3.8
2473;A;03/12/2008;0.425
2473;A;12/10/2009;0.45
2473;A;16/01/2011;0.75
2474;A;07/11/2008;11.818
2474;A;12/10/2009;1.25
2475;A;19/05/2010;3.5
2475;A;15/11/2010;3
2475;A;14/09/2012;3.31
2480;A;12/09/2002;0.8
2480;A;01/08/2003;0.8
2480;A;18/10/2006;0.8
2480;A;23/07/2007;1.1
2480;A;21/02/2008;1.25
2481;A;01/08/2003;0.697
2481;A;28/02/2004;0.697
2481;A;01/10/2005;0.8
2490;A;27/09/2002;0.697
2490;A;21/02/2008;0.8
2490;A;27/10/2008;0.80303
2491;A;27/09/2002;0.697
2491;A;21/02/2008;0.8
2491;A;27/10/2008;0.80303
2492;A;27/09/2002;0.697
2492;A;01/08/2003;0.697
2492;A;01/10/2005;0.8
2492;A;18/10/2006;0.8
2492;A;23/07/2007;1.1
2492;A;21/02/2008;0.8
2492;A;21/05/2009;0.803
2492;A;12/10/2009;0.85
2500;A;27/09/2002;11.667
2500;A;01/08/2003;11.667
2500;A;18/10/2006;1.2
2500;A;23/07/2007;1.5
2500;A;21/02/2008;1.5
2500;A;27/10/2008;158.333
2500;A;12/10/2009;1.7
2500;A;14/09/2012;2
2501;A;01/10/2005;0.8
2501;A;21/02/2008;1.1
2501;A;27/10/2008;114.583
2502;A;01/10/2005;0.8
2502;A;21/02/2008;1.1
2502;A;27/10/2008;114.583
2503;A;01/10/2005;0.8
2504;A;01/10/2005;0.8
2504;A;21/02/2008;1.1
2504;A;27/10/2008;114.583
2505;A;01/10/2005;0.8
2510;A;12/09/2002;0.4
2510;A;01/12/2004;0.4018
2511;A;12/09/2002;0.4
2511;A;01/12/2004;0.4018
2512;A;12/09/2002;0.4
2512;A;01/12/2004;0.4018
2513;A;12/09/2002;0.4
2513;A;01/12/2004;0.4018
2514;A;12/09/2002;0.4
2514;A;01/08/2003;0.4
2514;A;01/12/2004;0.4018
2516;A;13/06/2005;0.75
2516;A;01/10/2005;0.7
2516;A;18/10/2006;0.7143
2516;A;23/07/2007;0.8
2516;A;21/02/2008;1.1
2516;A;21/05/2009;11.071
2516;A;12/10/2009;1.11
2517;A;01/10/2005;0.7
2517;A;21/02/2008;1.1
2517;A;27/10/2008;110.714
2518;A;01/10/2005;0.7
2518;A;21/02/2008;1.1
2518;A;27/10/2008;110.714
2519;A;01/10/2005;0.7
2519;A;21/02/2008;1.1
2519;A;27/10/2008;110.714
2520;A;27/09/2002;19.118
2520;A;01/08/2003;19.118
2520;A;03/05/2004;2.04
2521;A;01/04/2003;1.91
2522;A;27/09/2003;0.7
2522;A;01/09/2004;0.75
2522;A;01/10/2005;0.8
2522;A;18/10/2006;0.8
2522;A;23/07/2007;1.1
2522;A;21/02/2008;1.1
2522;A;21/05/2009;11.458
2522;A;12/10/2009;1.3
2523;A;15/01/2004;20.384
2523;A;03/05/2004;20.384
2523;A;18/10/2006;2.2
2523;A;23/07/2007;2.5
2523;A;20/09/2007;3.5
2523;A;21/02/2008;3.5
2523;A;21/05/2008;3.5
2523;A;27/10/2008;346.154
2523;A;12/10/2009;3.7
2523;A;17/01/2011;4.7
2523;A;08/02/2011;3.7
2524;A;15/01/2004;1.91
2524;A;03/05/2004;2.04
2524;A;21/02/2008;3.5
2524;A;27/10/2008;346.154
2525;A;01/10/2005;0.7
2527;A;12/03/2007;2.2
2527;A;16/05/2007;3.5
2527;A;20/09/2007;4
2527;A;21/02/2008;4.15
2527;A;21/05/2008;4.15
2527;A;27/10/2008;430.769
2527;A;12/10/2009;4.7
2527;A;08/02/2011;3.7
2527;A;01/03/2011;4.7
2528;A;01/12/2003;0.4
2530;A;12/03/2007;2.2
2530;A;16/05/2007;3.5
2530;A;21/08/2007;2.5
2530;A;20/09/2007;4
2530;A;21/02/2008;4.15
2530;A;21/05/2008;4.15
2530;A;27/10/2008;430.769
2530;A;12/10/2009;4.7
2531;A;12/03/2007;2.2
2531;A;16/05/2007;3.5
2531;A;20/05/2009;43.077
2531;A;12/10/2009;4.7
2532;A;19/05/2009;43.077
2532;A;12/10/2009;4.7
2533;A;12/09/2002;0.7
2534;A;01/10/2002;0.7
2534;A;01/08/2003;0.7
2536;A;28/02/2004;0.7
2536;A;15/03/2004;0.4
2537;A;03/12/2004;0.65
2538;A;01/10/2005;0.7
2540;A;12/09/2002;1.6
2540;A;21/02/2008;3
2540;A;27/10/2008;3
2541;A;12/09/2002;1.6
2541;A;21/02/2008;3
2541;A;27/10/2008;3
2542;A;12/09/2002;1.6
2542;A;21/02/2008;3
2542;A;27/10/2008;3
2543;A;12/09/2002;1.6
2544;A;12/09/2002;1.6
2545;A;12/09/2002;1.6
2545;A;01/08/2003;1.6
2545;A;08/02/2005;2
2545;A;01/10/2005;2
2545;A;18/10/2006;2
2545;A;23/07/2007;2.5
2545;A;20/09/2007;3
2545;A;17/01/2011;2
2545;A;21/10/2011;2.4
2546;A;01/01/2012;4.2
2547;A;01/01/2012;4.2
2550;A;12/09/2002;1.6
2550;A;21/02/2008;3
2550;A;27/10/2008;3
2551;A;12/09/2002;1.6
2551;A;21/02/2008;3
2551;A;27/10/2008;3
2552;A;12/09/2002;1.6
2552;A;01/08/2003;1.6
2552;A;08/02/2005;2
2552;A;01/10/2005;2
2552;A;18/10/2006;2
2552;A;23/07/2007;2.5
2552;A;20/09/2007;3
2552;A;21/02/2008;3
2560;A;12/09/2002;0.4
2560;A;01/06/2009;0.8
2561;A;12/09/2002;0.4
2561;A;01/06/2009;0.8
2562;A;12/09/2002;0.4
2562;A;01/06/2009;0.8
2563;A;12/09/2002;0.4
2563;A;01/06/2009;0.8
2564;A;12/09/2002;0.4
2570;A;27/09/2002;0.3959
2570;A;21/02/2008;0.5
2570;A;27/10/2008;0.41667
2571;A;27/09/2002;0.3959
2572;A;27/09/2002;0.3959
2573;A;27/09/2002;0.3959
2573;A;21/02/2008;0.5
2573;A;27/10/2008;0.41667
2573;A;12/10/2009;0.45
2573;A;17/12/2010;0.65
2573;A;16/01/2011;0.75
2574;A;27/09/2002;0.3959
2574;A;21/02/2008;0.5
2574;A;27/10/2008;0.41667
2575;A;27/09/2002;0.3959
2580;A;01/11/2002;8
2580;A;01/08/2003;8
2580;A;01/09/2004;8.5
2590;A;12/09/2002;0.7
2590;A;01/08/2003;0.7
2590;A;30/07/2006;0.5
2590;A;08/01/2007;0.7
2590;A;23/07/2007;0.5
2591;A;12/09/2002;0.7
2591;A;01/08/2003;0.7
2591;A;30/07/2006;0.5
2591;A;08/01/2007;0.7
2591;A;23/07/2007;0.5
2600;A;27/09/2002;0.4
2600;A;01/08/2003;0.4
2600;A;01/09/2004;0.4
2600;A;12/10/2009;0.38
2600;A;13/10/2009;0.4
2601;A;01/04/2003;0.4
2601;A;01/06/2003;0.4
2601;A;01/08/2003;0.4
2601;A;09/11/2004;0.4
2601;A;19/06/2009;0.4
2602;A;01/04/2003;0.7
2602;A;01/08/2003;0.7
2602;A;01/04/2007;0.4
2602;A;19/06/2009;0.4
2602;A;12/10/2009;0.4
2610;A;12/09/2002;2.5
2610;A;28/07/2003;2.5
2610;A;01/08/2003;2.5
2610;A;13/08/2007;2.6
2610;A;01/01/2011;3
2611;A;20/11/2003;0.375
2612;A;28/07/2003;2.5
2612;A;01/08/2003;2.5
2613;A;16/07/2005;4.5
2614;A;16/07/2005;4.5
2614;A;10/09/2008;3.67
2614;A;12/10/2009;4.5
2620;A;12/09/2002;6
2620;A;23/06/2003;6
2620;A;01/08/2003;6
2620;A;25/10/2004;6
2620;A;10/11/2004;6
2620;A;05/09/2005;6
2620;A;01/10/2005;6
2620;A;11/10/2006;61.667
2620;A;13/08/2007;63.333
2620;A;18/11/2008;6.5
2620;A;28/02/2011;7.5
2621;A;25/03/2003;6
2621;A;23/06/2003;6
2621;A;01/08/2003;6
2621;A;25/10/2004;6
2621;A;10/11/2004;6
2621;A;05/09/2005;6
2621;A;01/10/2005;6
2621;A;11/10/2006;61.667
2621;A;13/08/2007;63.333
2621;A;18/11/2008;6.5
2621;A;28/02/2011;7.5
2622;A;01/08/2003;5.5
2622;A;08/01/2004;5
2622;A;15/01/2004;5
2623;A;01/04/2003;12
2623;A;01/08/2003;12
2626;A;23/07/2007;0.5
2626;A;12/10/2009;0.5
2626;A;01/01/2011;0.6
2630;A;12/09/2002;13.5
2630;A;20/02/2003;13.5
2630;A;01/08/2003;13.5
2630;A;01/10/2005;13.5
2630;A;13/08/2007;14
2630;A;12/10/2009;14.5
2630;A;01/01/2011;15
2631;A;01/04/2003;13.5
2631;A;01/08/2003;13.5
2640;A;12/09/2002;1.2
2640;A;01/08/2003;1.2
2640;A;24/07/2006;1.6
2640;A;08/01/2007;1.7
2640;A;16/05/2007;1.3
2640;A;23/07/2007;1.5
2640;A;15/02/2008;1.6
2640;A;10/09/2008;1.3
2641;A;15/02/2008;1.6
2641;A;10/09/2008;1.3
2641;A;12/10/2009;1.6
2641;A;13/10/2009;1.4
2641;A;14/05/2010;1.5
2641;A;01/01/2011;1.25
2641;A;28/02/2011;1.5
2642;A;15/02/2008;1.6
2642;A;10/09/2008;1.3
2642;A;12/10/2009;1.4
2642;A;14/05/2010;1.5
2642;A;01/01/2011;1.25
2642;A;28/02/2011;1.5
2643;A;15/02/2008;1.6
2643;A;10/09/2008;1.3
2643;A;12/10/2009;1.4
2643;A;14/05/2010;1.5
2643;A;01/01/2011;1.25
2643;A;28/02/2011;1.5
2644;A;15/02/2008;1.6
2644;A;10/09/2008;1.3
2644;A;12/10/2009;1.4
2644;A;14/05/2010;1.5
2644;A;01/01/2011;1.25
2644;A;28/02/2011;1.5
2645;A;15/02/2008;1.6
2645;A;10/09/2008;1.3
2645;A;01/01/2011;1.25
2650;A;12/09/2002;10.5
2650;A;20/02/2003;12
2650;A;01/08/2003;12
2660;A;12/09/2002;6
2660;A;23/06/2003;6
2660;A;01/08/2003;6
2660;A;25/10/2004;6
2660;A;10/11/2004;6
2660;A;11/10/2006;61.667
2660;A;13/08/2007;6.333
2660;A;18/11/2008;6.5
2660;A;28/02/2011;7.5
2661;A;09/11/2004;6
2661;A;05/09/2005;6
2661;A;01/10/2005;6
2661;A;11/10/2006;61.667
2661;A;13/08/2007;6.333
2661;A;18/11/2008;6.5
2661;A;28/02/2011;7.5
2662;A;12/09/2002;6
2662;A;23/06/2003;6
2662;A;01/08/2003;6
2662;A;25/10/2004;6
2662;A;10/11/2004;6
2662;A;05/09/2005;6
2662;A;01/10/2005;6
2662;A;11/10/2006;61.667
2662;A;13/08/2007;63.333
2662;A;18/11/2008;6.5
2662;A;28/02/2011;7.5
2663;A;16/11/2011;7.5
2670;A;12/09/2002;2.5
2670;A;01/08/2003;2.5
2671;A;26/06/2009;3.666
2671;A;12/10/2009;4
2671;A;13/10/2009;3.8
2671;A;02/08/2010;4
2671;A;01/01/2011;4.3
2680;A;12/09/2002;0.65
2680;A;01/08/2003;0.65
2680;A;25/03/2008;6.33
2680;A;22/07/2008;7.5
2680;A;08/04/2009;6.5
2680;A;01/07/2009;7.5
2680;A;13/09/2010;6.5
2680;A;01/11/2010;7
2680;A;01/01/2011;7.5
2680;A;28/02/2011;8.25
2680;A;11/08/2011;8.583
2681;A;25/03/2008;6.33
2681;A;22/07/2008;7.5
2681;A;08/04/2009;6.5
2681;A;01/07/2009;7.5
2681;A;13/09/2010;6.5
2681;A;01/11/2010;7
2681;A;01/01/2011;7.5
2681;A;28/02/2011;8.25
2681;A;11/08/2011;8.583
2682;A;25/03/2008;6.33
2682;A;22/07/2008;7.5
2682;A;08/04/2009;6.5
2682;A;01/07/2009;7.5
2682;A;13/09/2010;6.5
2682;A;01/04/2011;8.25
2682;A;11/08/2011;8.583
2682;A;20/01/2012;7
2682;A;22/02/2012;8.583
2683;A;25/03/2008;6.33
2683;A;22/07/2008;7.5
2683;A;08/04/2009;6.5
2683;A;01/07/2009;7.5
2683;A;13/09/2010;6.5
2683;A;01/11/2010;7
2683;A;01/01/2011;7.5
2683;A;28/02/2011;8.25
2683;A;11/08/2011;8.583
2684;A;25/03/2008;6.33
2684;A;22/07/2008;7.5
2684;A;08/04/2009;6.5
2684;A;01/07/2009;7.5
2684;A;13/09/2010;6.5
2684;A;01/11/2010;7
2684;A;01/01/2011;7.5
2684;A;28/02/2011;8.25
2684;A;11/08/2011;8.583
2685;A;01/03/2009;7.5
2685;A;13/09/2010;6.5
2685;A;01/11/2010;7
2685;A;01/01/2011;7.5
2685;A;28/02/2011;8.25
2685;A;11/08/2011;8.583
2686;A;24/05/2011;8.5
2686;A;01/09/2011;8.583
2686;A;22/12/2011;9.4
2686;A;26/01/2012;8.7
2687;A;24/05/2011;8.5
2687;A;01/09/2011;8.583
2687;A;22/12/2011;9.4
2687;A;26/01/2012;8.7
2688;A;24/05/2011;8.5
2688;A;01/09/2011;8.583
2688;A;22/12/2011;9.4
2688;A;26/01/2012;8.7
2690;A;27/09/2002;0.4
2690;A;01/08/2003;0.4
2690;A;01/09/2004;0.4
2690;A;12/10/2009;0.4
2691;A;09/06/2005;0.4
2691;A;11/06/2005;0.4
2691;A;19/06/2009;0.4
2691;A;12/10/2009;0.4
2692;A;22/07/2010;0.4
2698;A;10/10/2006;5.5
2699;A;24/09/2006;3
2700;A;12/09/2002;1.2
2700;A;01/08/2003;1.2
2700;A;08/01/2007;1.7
2700;A;10/09/2008;1.3
2719;A;30/08/2010;3
2719;A;28/02/2011;3.2
2720;A;12/09/2002;2.5
2720;A;01/12/2006;2.7
2720;A;13/08/2007;2.9
2720;A;18/11/2008;3
2720;A;28/02/2011;3.2
2721;A;22/07/2003;2.5
2721;A;01/08/2003;2.5
2721;A;11/10/2006;2.7
2722;A;01/08/2003;2.5
2722;A;11/10/2006;2.7
2722;A;13/08/2007;2.9
2722;A;18/11/2008;3
2722;A;28/02/2011;3.2
2723;A;01/08/2003;2.5
2723;A;11/10/2006;2.7
2724;A;01/12/2006;2.7
2724;A;13/08/2007;2.9
2724;A;18/11/2008;3
2725;A;10/06/2004;8
2725;A;01/01/2010;1.66
2725;A;01/04/2010;1.75
2725;A;02/08/2010;1.8
2725;A;01/01/2011;2
2726;A;21/12/2009;1.66
2726;A;01/04/2010;1.75
2726;A;02/08/2010;1.8
2726;A;01/01/2011;2
2727;A;21/12/2009;1.66
2727;A;01/04/2010;1.75
2727;A;03/08/2010;1.8
2727;A;01/01/2011;2
2728;A;21/12/2009;1.66
2728;A;01/04/2010;1.75
2728;A;02/08/2010;1.8
2729;A;21/12/2009;1.66
2729;A;01/04/2010;1.75
2729;A;02/08/2010;1.8
2729;A;01/01/2011;2
2730;A;12/09/2002;2.5
2730;A;01/08/2003;2.5
2730;A;11/10/2006;2.7
2730;A;13/08/2007;2.9
2730;A;18/11/2008;3
2731;A;23/07/2003;2.5
2731;A;01/08/2003;2.5
2731;A;11/10/2006;2.7
2731;A;01/07/2008;0.45
2732;A;12/11/2004;2.5
2732;A;11/10/2006;2.7
2732;A;12/10/2009;2.75
2733;A;01/12/2006;2.7
2733;A;13/08/2007;2.9
2733;A;18/11/2008;3
2733;A;01/03/2011;3.2
2734;A;14/05/2011;2.5
2734;A;20/09/2011;2.1
2735;A;23/05/2011;3
2735;A;06/06/2011;0
2790;A;01/04/2003;1.5
2790;A;01/08/2003;1.5
2790;A;15/01/2004;1.25
2790;A;01/09/2009;1.7
2790;A;13/10/2009;2
2790;A;14/05/2010;1.5
2790;A;01/01/2011;1.25
2790;A;21/02/2011;1.5
2791;A;01/04/2003;1.5
2791;A;01/08/2003;1.5
2791;A;15/01/2004;1.25
2791;A;01/09/2009;1.7
2791;A;13/10/2009;2
2791;A;14/05/2010;1.5
2791;A;01/01/2011;1.25
2791;A;21/02/2011;1.5
2793;A;01/04/2003;1.5
2793;A;01/08/2003;1.5
2793;A;15/01/2004;1.25
2793;A;01/09/2009;1.7
2793;A;13/10/2009;2
2795;A;01/04/2003;1.5
2795;A;01/08/2003;1.5
2795;A;15/01/2004;1.25
2796;A;01/04/2003;1.5
2796;A;01/08/2003;1.5
2796;A;15/01/2004;1.25
2796;A;28/10/2004;1.25
2797;A;01/08/2003;1.5
2797;A;15/01/2004;1.25
2798;A;17/07/2003;1.2
2798;A;01/08/2003;1.2
2799;A;18/07/2003;16.296
2799;A;01/08/2003;1.63
2800;A;12/09/2002;0.75
2800;A;01/08/2003;0.75
2800;A;01/10/2005;0.8
2801;A;28/02/2004;4
2801;A;25/10/2004;4
2801;A;01/09/2009;5.2
2801;A;13/10/2009;5.2
2801;A;14/05/2010;4.5
2801;A;21/02/2011;5
2802;A;28/02/2004;5
2802;A;25/10/2004;4
2802;A;01/09/2009;5.2
2802;A;13/10/2009;5.2
2802;A;14/05/2010;4.5
2802;A;21/02/2011;5
2803;A;01/03/2004;4
2803;A;25/10/2004;4
2803;A;01/09/2009;5.2
2803;A;13/10/2009;5.2
2803;A;14/05/2010;4.5
2803;A;21/02/2011;5
2803;A;23/05/2011;4.867
2804;A;30/12/2002;0.75
2804;A;01/08/2003;0.75
2804;A;23/12/2005;0.8
2804;A;21/02/2008;0.8
2804;A;27/10/2008;109.091
2805;A;30/12/2002;0.75
2805;A;01/08/2003;0.75
2805;A;23/12/2005;0.8
2805;A;21/02/2008;0.8
2805;A;27/10/2008;109.091
2806;A;01/10/2002;0.75
2806;A;01/08/2003;0.75
2806;A;23/12/2005;0.8
2806;A;18/10/2006;0.8
2806;A;21/02/2008;0.8
2806;A;27/10/2008;109.091
2806;A;21/05/2009;0.803
2806;A;12/10/2009;0.8
2807;A;01/03/2004;4
2807;A;25/10/2004;4
2808;A;12/08/2004;5
2808;A;28/10/2004;5
2809;A;01/10/2011;7
2810;A;12/09/2002;0.4
2811;A;01/10/2011;7
2812;A;01/02/2012;7
2815;A;01/03/2012;50
2816;A;01/03/2012;50
2817;A;01/03/2012;45
2817;A;19/05/2012;50
2818;A;19/05/2012;62
2819;A;19/05/2012;50
2820;A;12/09/2002;2.5
2821;A;08/12/2012;45
2822;A;08/12/2012;45
2823;A;08/12/2012;45
2824;A;08/12/2012;45
2825;A;08/12/2012;25
2826;A;08/12/2012;25
2830;A;12/09/2002;2.5
2834;A;01/03/2012;17
2835;A;01/03/2012;17
2836;A;01/03/2012;17
2837;A;01/03/2012;17
2838;A;20/11/2012;17
2860;A;30/09/2002;6.5
2860;A;07/06/2003;5.5
2860;A;06/12/2004;6.5
2860;A;16/11/2006;7
2860;A;23/07/2007;8
2860;A;18/03/2008;9
2860;A;12/01/2011;9.5
2860;A;21/02/2011;9.5
2861;A;07/06/2003;5.5
2861;A;06/12/2004;6.5
2861;A;01/09/2010;10
2861;A;21/02/2011;10
2865;A;01/10/2002;0.5
2865;A;19/04/2006;17
2865;A;22/08/2006;24
2865;A;30/09/2006;19
2865;A;23/07/2007;24
2865;A;18/03/2008;24
2865;A;12/10/2009;25.2
2865;A;13/10/2009;30
2865;A;21/02/2011;33
2866;A;06/09/2005;9.24
2866;A;01/10/2005;9.24
2866;A;04/11/2005;9.24
2866;A;19/04/2006;15
2866;A;22/08/2006;24
2866;A;30/09/2006;19
2866;A;23/07/2007;24
2866;A;18/03/2008;24
2866;A;12/10/2009;32
2866;A;13/10/2009;30
2866;A;21/02/2011;33
2870;A;30/09/2002;1
2870;A;01/08/2003;0.8
2895;A;15/01/2003;45
2896;A;01/02/2010;8.5
2896;A;21/02/2011;9.5
2897;A;07/07/2005;8
2897;A;18/07/2005;7.8
2897;A;29/07/2005;8
2897;A;01/10/2005;7.5
2897;A;06/01/2006;7
2897;A;14/11/2006;7.5
2897;A;01/03/2007;8
2897;A;18/03/2008;8.5
2897;A;21/02/2011;9.5
2898;A;18/07/2005;7.8
2898;A;01/10/2005;7.5
2898;A;06/01/2006;7
2898;A;14/11/2006;7.5
2898;A;01/03/2007;8
2898;A;18/03/2008;8.5
2898;A;01/02/2010;8.5
2898;A;21/02/2011;9.5
2899;A;18/07/2005;7.8
2899;A;01/10/2005;7.5
2899;A;06/01/2006;7
2899;A;14/11/2006;7.5
2899;A;01/03/2007;8
2899;A;18/03/2008;8.5
2899;A;01/02/2010;8.5
2899;A;21/02/2011;9.5
2903;A;22/10/2002;8
2903;A;01/08/2003;8
2903;A;01/10/2005;8.5
2904;A;01/07/2003;2.6
2904;A;03/08/2004;2.8
2904;A;22/08/2005;2.9
2905;A;01/07/2003;0.1831
2906;A;01/08/2003;1.63
2924;A;20/01/2010;0.803
2925;A;27/07/2009;0.9
2926;A;01/08/2006;0.85
2926;A;08/01/2007;0.87
2926;A;23/07/2007;0.87
2926;A;27/11/2007;0.87
2926;A;18/03/2008;0.9
2926;A;21/02/2011;1
2927;A;01/08/2006;0.85
2927;A;08/01/2007;0.87
2927;A;23/07/2007;0.87
2927;A;27/11/2007;0.87
2927;A;18/03/2008;0.85
2927;A;31/03/2008;0.87
2927;A;01/05/2008;0.9
2927;A;21/02/2011;1
2927;A;19/11/2011;0.9
2927;A;01/03/2012;1
2928;A;01/08/2006;0.85
2928;A;08/01/2007;0.87
2928;A;23/07/2007;0.87
2928;A;27/11/2007;0.87
2928;A;18/03/2008;0.9
2928;A;21/02/2011;1
2929;A;01/06/2006;2.6
2929;A;17/07/2006;2.6
2929;A;01/10/2006;2.75
2929;A;16/10/2006;2.75
2929;A;08/01/2007;2.9
2929;A;01/03/2007;3
2929;A;23/04/2007;3.2
2929;A;23/07/2007;3.3
2929;A;13/08/2007;3.4
2929;A;27/11/2007;3.6
2929;A;18/03/2008;4.3
2929;A;10/09/2008;4
2929;A;03/04/2009;4.3
2929;A;30/12/2009;4
2929;A;14/01/2010;4.3
2929;A;21/02/2011;4.3
2930;A;01/10/2005;2.4
2930;A;12/04/2006;2.6
2931;A;01/10/2005;3
2931;A;01/06/2006;2.5
2932;A;01/10/2005;3
2932;A;01/06/2006;2.5
2941;A;01/10/2005;0.4
2941;A;01/06/2006;0.4
2942;A;01/10/2005;0.4
2944;A;01/06/2006;0.8
2950;A;01/10/2002;27.5
2952;A;01/10/2005;2.6
2960;A;01/10/2005;6.5
2961;A;01/10/2005;1.3
2962;A;01/10/2005;0.8
2963;A;01/10/2005;6.5
2963;A;18/03/2008;8
2964;A;01/10/2005;0.4
2965;A;01/10/2005;4.3
2966;A;01/10/2005;1
2970;A;01/10/2005;1.5
2971;A;01/10/2005;0.35
2980;A;01/10/2005;5.6
2980;A;22/08/2006;6
2980;A;23/04/2007;6.1
2980;A;23/07/2007;6.5
2980;A;13/08/2007;7
2980;A;21/08/2007;8
2980;A;18/03/2008;9.5
2980;A;21/02/2011;10.5
2991;A;01/03/2010;0.9
2991;A;06/06/2011;1
2991;A;19/11/2011;0.9
2991;A;01/03/2012;1
2992;A;26/06/2009;0.9
2992;A;13/10/2009;0.8
2993;A;27/07/2009;0.9
2993;A;13/10/2009;0.8
2994;A;13/10/2009;3.7
2995;A;05/11/2009;4
3000;A;29/09/2002;50
3000;A;02/12/2004;55
3000;A;18/10/2006;55
3000;A;21/02/2008;62.5
3000;A;27/10/2008;72.5
3000;A;12/10/2009;72.5
3000;A;30/12/2009;75
3001;A;29/09/2002;50
3001;A;02/12/2004;55
3001;A;01/10/2005;55
3001;A;18/10/2006;55
3001;A;21/02/2008;62.5
3001;A;27/10/2008;72.5
3001;A;12/10/2009;72.5
3001;A;30/12/2009;75
3002;A;19/11/2004;55
3002;A;01/12/2004;45
3002;A;02/12/2004;55
3002;A;10/08/2005;55
3002;A;18/10/2006;55
3002;A;21/02/2008;62.5
3002;A;27/10/2008;72.5
3002;A;12/10/2009;72.5
3002;A;30/12/2009;75
3004;A;24/05/2004;0.8
3005;A;29/09/2004;50
3005;A;02/12/2004;55
3005;A;01/10/2005;55
3005;A;18/10/2006;55
3005;A;21/02/2008;62.5
3005;A;27/10/2008;72.5
3005;A;12/10/2009;72.5
3005;A;30/12/2009;75
3006;A;24/09/2005;9
3006;A;20/06/2007;11
3006;A;17/12/2007;9
3007;A;01/07/2006;7.5
3008;A;29/11/2006;11.5
3010;A;03/12/2008;10
3011;A;01/02/2010;9
3012;A;28/05/2010;9
3015;A;20/05/2009;17.5
3016;A;09/12/2009;12
3017;A;09/12/2009;11
3018;A;23/03/2010;2.2
3019;A;23/03/2010;2.2
3020;A;20/04/2010;2
3021;A;24/04/2010;2
3022;A;27/04/2010;1
3023;A;30/04/2010;2
3024;A;28/09/2002;0
3026;A;25/05/2012;16.8
3027;A;25/05/2012;16.8
3028;A;25/05/2012;16.8
3029;A;15/05/2012;16.8
4000;A;28/09/2002;0
4001;A;29/03/2003;0.02683
4002;A;29/03/2003;0.019
4003;A;29/03/2003;0.02029
4004;A;29/03/2003;0.0282
4015;A;15/06/2010;2.15
4030;A;01/09/2007;3.7
4031;A;01/09/2007;3.7
4032;A;01/09/2007;3.7
4034;A;01/11/2007;3.7
5023;A;01/04/2007;1.245
5023;A;21/02/2008;47
5093;A;01/04/2007;86.711
5093;A;21/02/2008;47
5094;A;01/04/2007;72.331
5094;A;21/02/2008;47
5096;A;01/04/2007;72.329
5096;A;21/02/2008;47
5105;A;01/04/2007;1.25
5105;A;21/02/2008;47
5110;A;01/04/2007;0.83
5110;A;15/06/2007;0.4
5110;A;21/02/2008;47
5152;A;01/04/2007;18.93
5287;A;01/04/2007;2.5
5287;A;21/02/2008;47
5297;A;01/04/2007;3.5
5297;A;15/06/2007;1.75
5297;A;21/02/2008;47
5325;A;01/04/2007;1.448
5356;A;01/04/2007;30
5356;A;21/02/2008;47
5374;A;01/04/2007;70.922
5374;A;21/02/2008;47
5377;A;01/04/2007;70.922
5377;A;15/06/2007;3.5
5379;A;01/04/2007;86.709
5379;A;15/06/2007;4.5
5379;A;21/02/2008;47
5445;A;01/04/2007;1.25
5445;A;15/06/2007;0.8
5445;A;21/02/2008;47
5445;A;01/03/2008;1.25
5447;A;01/04/2007;86.709
5514;A;01/04/2007;168.112
5554;A;01/04/2007;58.839
5554;A;21/02/2008;47
5584;A;01/04/2007;71.318
5584;A;21/02/2008;47
5590;A;01/04/2007;71.318
5590;A;15/06/2007;3.5
5590;A;21/02/2008;47
5614;A;01/04/2007;189.263
5614;A;21/02/2008;47
5615;A;01/04/2007;189.263
5615;A;21/02/2008;47
5640;A;01/04/2007;31.5
5640;A;15/06/2007;12
5640;A;21/02/2008;47
5662;A;01/04/2007;37.8
5662;A;21/02/2008;47
5664;A;01/04/2007;31.5
5664;A;21/02/2008;47
5680;A;01/04/2007;45.099
5680;A;21/02/2008;47
5848;A;01/04/2007;189.263
5849;A;01/04/2007;189.263
5849;A;21/02/2008;47
5886;A;01/04/2007;168.112
5886;A;21/02/2008;47
5889;A;01/04/2007;36
5889;A;21/02/2008;47
5898;A;01/04/2007;6
5911;A;01/04/2007;2.5
5934;A;01/04/2007;67.544
5936;A;01/04/2007;70.922
6021;A;20/07/2008;0.803
6021;A;30/07/2008;0.803
6022;A;20/07/2008;0.803
6024;A;20/07/2008;0.803
6042;A;20/07/2008;0.513
6045;A;20/07/2008;0.513
6050;A;20/07/2008;0.704
6051;A;20/07/2008;0.704
6052;A;01/04/2011;0.8
6052;A;01/05/2012;0.76
6053;A;01/04/2011;0.8
6053;A;19/03/2012;0.76
6054;A;01/04/2011;0.8
6054;A;19/03/2012;0.76
6055;A;01/04/2011;0.8
6055;A;19/03/2012;0.76
6056;A;01/04/2011;1
6057;A;01/04/2011;1.2
6057;A;19/03/2012;1.15
6058;A;01/04/2011;1.2
6058;A;01/05/2012;1.15
6059;A;01/04/2011;0.8
6059;A;01/09/2012;0.78
6060;A;01/04/2011;0.8
6060;A;01/09/2012;0.78
6061;A;01/04/2011;1.3
6061;A;01/05/2012;1.23
6062;A;01/04/2011;1.3
6062;A;01/05/2012;1.23
6063;A;01/04/2011;1.3
6063;A;19/03/2012;1.23
6064;A;19/03/2012;1.15
6065;A;19/03/2012;1.15
6066;A;19/03/2012;1.15
6067;A;19/03/2012;0.72
6068;A;19/03/2012;0.72
6070;A;19/03/2012;0.76
6071;A;19/03/2012;1.23
6072;A;19/03/2012;1.15
6072;A;01/08/2012;1.2
6073;A;01/10/2012;1.2
6073;A;01/11/2012;1.2
6074;A;01/06/2012;0.72
6075;A;01/06/2012;0.72
6100;A;01/04/2012;0.78
6101;A;01/04/2012;0.78
6102;A;01/04/2012;0.78
6103;A;01/04/2012;0.78
6105;A;01/04/2012;1.26
6105;A;01/09/2012;1.25
6106;A;01/04/2012;1.26
6106;A;01/09/2012;1.25
6107;A;01/04/2012;0.88
6108;A;01/04/2012;0.88
6109;A;01/04/2012;1.38
6109;A;01/09/2012;1.37
6110;A;01/04/2012;1.38
6110;A;01/09/2012;1.37
6111;A;01/04/2012;1.38
6112;A;01/04/2012;1.26
6112;A;01/09/2012;1.25
6113;A;01/04/2012;1.26
6113;A;01/09/2012;1.25
6114;A;01/04/2012;1.26
6114;A;01/09/2012;1.25
6115;A;01/04/2012;0.88
6116;A;01/04/2012;0.88
6117;A;01/04/2012;0.88
6118;A;01/04/2012;0.78
6119;A;01/04/2012;1.38
6119;A;01/09/2012;1.37
6120;A;01/04/2012;1.28
6121;A;01/04/2012;1.28
6150;A;01/08/2012;1345628.78
6151;A;29/01/2013;112656.13
6999;A;01/09/2006;0.4
7001;A;01/10/2005;0.35
7001;A;01/01/2006;0.35
7001;A;13/07/2006;0.4
7002;A;01/10/2005;0.35
7002;A;01/01/2006;0.35
7002;A;13/07/2006;0.4
7003;A;01/10/2005;0.35
7003;A;01/01/2006;0.35
7003;A;13/07/2006;0.4
7004;A;01/10/2005;1.5
7004;A;13/07/2006;2.2
7004;A;23/04/2007;2.4
7004;A;23/07/2007;2.2
7005;A;01/10/2005;1.5
7005;A;13/07/2006;2.2
7005;A;23/04/2007;2.4
7005;A;23/07/2007;2.2
7006;A;01/10/2005;1.5
7006;A;13/07/2006;2.2
7006;A;23/04/2007;2.4
7006;A;23/07/2007;2.2
7007;A;01/01/2006;0.4
7007;A;18/03/2008;0.42
7008;A;01/01/2006;0.4
7008;A;18/03/2008;0.42
7009;A;01/01/2006;0.4
7009;A;18/03/2008;0.42
7010;A;01/10/2005;4.3
7010;A;01/01/2006;4.3
7010;A;08/01/2007;5
7010;A;18/03/2008;6.5
7011;A;01/10/2005;4.3
7011;A;01/01/2006;4.3
7011;A;08/01/2007;5
7011;A;18/03/2008;6.5
7012;A;01/10/2005;4.3
7012;A;01/01/2006;4.3
7012;A;08/01/2007;5
7012;A;18/03/2008;6.5
7013;A;01/10/2005;0.8
7013;A;22/08/2006;0.85
7013;A;22/09/2006;1
7013;A;01/03/2007;0.87
7013;A;18/03/2008;0.87
7013;A;03/12/2008;0.85
7013;A;17/08/2010;1.1
7013;A;21/02/2011;1.1
7014;A;01/10/2005;0.8
7014;A;22/08/2006;0.85
7014;A;22/09/2006;1
7014;A;01/03/2007;0.87
7014;A;18/03/2008;0.87
7014;A;03/12/2008;0.85
7014;A;17/08/2010;1.1
7014;A;21/02/2011;1.1
7015;A;01/10/2005;0.8
7015;A;22/08/2006;0.85
7015;A;22/09/2006;1
7015;A;01/03/2007;0.87
7015;A;18/03/2008;0.87
7015;A;03/12/2008;0.85
7015;A;17/08/2010;1.1
7015;A;21/02/2011;1.1
7016;A;01/01/2006;6.5
7016;A;18/03/2008;8
7017;A;01/01/2006;6.5
7017;A;18/03/2008;8
7018;A;01/01/2006;6.5
7018;A;18/03/2008;8
7019;A;01/01/2006;1.3
7019;A;01/03/2007;1.7
7019;A;12/06/2007;1.3
7019;A;18/03/2008;1.5
7020;A;01/01/2006;1.3
7020;A;01/03/2007;1.7
7020;A;12/06/2007;1.3
7020;A;18/03/2008;1.5
7021;A;01/01/2006;1.3
7021;A;01/03/2007;1.7
7021;A;12/06/2007;1.3
7021;A;18/03/2008;1.5
7022;A;26/06/2006;0.8
7022;A;13/08/2007;0.8
7022;A;18/03/2008;0.9
7022;A;02/05/2008;0.8
7023;A;26/06/2006;0.8
7023;A;13/08/2007;0.8
7023;A;18/03/2008;0.9
7023;A;02/05/2008;0.8
7024;A;26/06/2006;0.8
7024;A;13/08/2007;0.8
7024;A;18/03/2008;0.9
7024;A;02/05/2008;0.8
7026;A;01/10/2005;1.5
7026;A;13/07/2006;2.2
7026;A;23/04/2007;2.4
7026;A;23/07/2007;2.2
7030;A;25/06/2007;11
7030;A;18/03/2008;12
7030;A;21/02/2011;13.5
7031;A;25/06/2007;11
7031;A;18/03/2008;12
7031;A;21/02/2011;13.5
7032;A;25/06/2007;11
7032;A;18/03/2008;12
7032;A;21/02/2011;13.5
7033;A;16/06/2009;12
7033;A;21/02/2011;13.5
7034;A;01/02/2010;12
7035;A;25/06/2010;12
7035;A;21/02/2011;13
7036;A;25/06/2010;12
7036;A;21/02/2011;13
7037;A;06/07/2010;12
7037;A;21/02/2011;13
7040;A;23/12/2012;6.5
7063;A;13/12/2011;40
7065;A;01/12/2012;0.04
7080;A;09/09/2008;0.5
7080;A;12/10/2009;0.6
7080;A;21/02/2011;0.6
7081;A;26/10/2010;3.5
7081;A;21/02/2011;4
7112;A;01/06/2009;0.8
7550;A;15/03/2012;3.5
7551;A;15/03/2012;6
7552;A;15/03/2012;3.9
7553;A;15/03/2012;7.5
7554;A;15/03/2012;3.9
7555;A;15/03/2012;7.5
7556;A;15/03/2012;3.8
7557;A;15/03/2012;9.5
7558;A;15/03/2012;8.2
7559;A;15/03/2012;19
7560;A;15/03/2012;8.2
7561;A;15/03/2012;19
7562;A;15/03/2012;8.2
7563;A;15/03/2012;19
7564;A;15/03/2012;8.2
7565;A;15/03/2012;19
7566;A;15/03/2012;5.5
7567;A;15/03/2012;10
7568;A;15/03/2012;1.5
7569;A;15/03/2012;1.5
7570;A;15/03/2012;1.5
7571;A;15/03/2012;2.5
7572;A;15/03/2012;6.5
7573;A;15/03/2012;1.5
7574;A;15/03/2012;1.5
7575;A;15/03/2012;1.5
7576;A;15/03/2012;1.5
7577;A;01/08/2012;1.2
7578;A;01/08/2012;4.5
7579;A;01/08/2012;1.2
7580;A;01/08/2012;4.5
